bno,btitle,bcontent,id,bgroup,bstep,bindent,bhit,bfile,bdate
1,7 Westend Road,Hartsfield-Jackson Atlanta,bbb,1,0,0,0,2.jpg,2025-05-01
2,4474 Muir Point,John F. Kennedy International,eee,2,0,0,0,2.jpg,2025-05-24
3,1130 Raven Road,Charles de Gaulle,bbb,3,0,0,0,1.jpg,2025-10-11
4,614 Helena Way,Dallas/Fort Worth International,ddd,4,0,0,0,2.jpg,2025-10-22
5,8665 Northfield Street,Incheon International,ddd,5,0,0,0,2.jpg,2025-10-06
6,0 Anderson Plaza,Indira Gandhi International,ccc,6,0,0,0,1.jpg,2025-02-15
7,42 Jana Lane,Suvarnabhumi,eee,7,0,0,0,2.jpg,2025-11-02
8,480 Namekagon Court,Hartsfield-Jackson Atlanta,ddd,8,0,0,0,2.jpg,2025-03-15
9,86 Mallard Junction,Dubai International,aaa,9,0,0,0,2.jpg,2025-11-26
10,71251 John Wall Pass,Charles de Gaulle,eee,10,0,0,0,1.jpg,2025-10-17
11,24 Sullivan Drive,São Paulo/Guarulhos International,aaa,11,0,0,0,2.jpg,2025-11-19
12,4 Leroy Crossing,Hong Kong International,ddd,12,0,0,0,2.jpg,2025-11-22
13,832 Buena Vista Avenue,Hartsfield-Jackson Atlanta,eee,13,0,0,0,1.jpg,2025-05-07
14,010 Hallows Way,Kuala Lumpur International,ddd,14,0,0,0,2.jpg,2025-06-25
15,19 Reinke Center,Charles de Gaulle,aaa,15,0,0,0,1.jpg,2025-06-08
16,16 Atwood Plaza,Changi,bbb,16,0,0,0,2.jpg,2025-03-25
17,3513 Pond Point,Hartsfield-Jackson Atlanta,ccc,17,0,0,0,1.jpg,2025-02-11
18,23 Pearson Lane,Frankfurt Airport,aaa,18,0,0,0,2.jpg,2025-01-27
19,718 Dwight Road,Dubai International,eee,19,0,0,0,2.jpg,2025-06-14
20,872 Buena Vista Alley,Frankfurt Airport,ddd,20,0,0,0,2.jpg,2025-08-19
21,47 Cambridge Crossing,Jomo Kenyatta International,ddd,21,0,0,0,2.jpg,2025-01-03
22,5 Sullivan Parkway,Changi,bbb,22,0,0,0,1.jpg,2025-09-03
23,39018 Glendale Lane,Ministro Pistarini International,eee,23,0,0,0,1.jpg,2025-04-29
24,48 Melody Park,Bole International,eee,24,0,0,0,2.jpg,2025-04-18
25,6248 Oriole Alley,Charles de Gaulle,ccc,25,0,0,0,2.jpg,2025-05-01
26,851 Raven Center,Charles de Gaulle,ccc,26,0,0,0,2.jpg,2025-03-24
27,8988 Declaration Parkway,Bole International,aaa,27,0,0,0,1.jpg,2025-03-12
28,56 Rutledge Pass,Incheon International,bbb,28,0,0,0,1.jpg,2025-09-03
29,22 Laurel Circle,Frankfurt Airport,ccc,29,0,0,0,1.jpg,2025-06-14
30,51238 Saint Paul Terrace,Charles de Gaulle,aaa,30,0,0,0,1.jpg,2025-04-18
31,4290 Daystar Crossing,Charles de Gaulle,eee,31,0,0,0,2.jpg,2025-02-22
32,3530 Forest Run Circle,São Paulo/Guarulhos International,bbb,32,0,0,0,2.jpg,2025-06-05
33,51738 Namekagon Terrace,Hartsfield-Jackson Atlanta,eee,33,0,0,0,2.jpg,2025-08-31
34,7 David Avenue,Ministro Pistarini International,aaa,34,0,0,0,2.jpg,2025-07-12
35,834 Namekagon Court,Kuala Lumpur International,ccc,35,0,0,0,2.jpg,2025-05-11
36,2018 Havey Alley,Ministro Pistarini International,aaa,36,0,0,0,2.jpg,2025-03-21
37,874 Pennsylvania Parkway,Hartsfield-Jackson Atlanta,ddd,37,0,0,0,2.jpg,2025-07-19
38,45 Armistice Parkway,Auckland Airport,eee,38,0,0,0,2.jpg,2025-09-16
39,0631 Sunfield Avenue,Frankfurt Airport,ddd,39,0,0,0,2.jpg,2025-11-08
40,57 Lakewood Gardens Circle,Ministro Pistarini International,ccc,40,0,0,0,2.jpg,2025-01-14
41,27445 Hooker Crossing,O'Hare International,bbb,41,0,0,0,1.jpg,2025-03-20
42,970 Debs Park,Vancouver International,ccc,42,0,0,0,1.jpg,2025-09-12
43,0534 Waywood Plaza,Bole International,eee,43,0,0,0,1.jpg,2025-11-11
44,32419 Linden Way,John F. Kennedy International,ddd,44,0,0,0,2.jpg,2025-11-19
45,16 South Point,Frankfurt Airport,ccc,45,0,0,0,2.jpg,2025-03-28
46,304 Warner Place,Charles de Gaulle,ccc,46,0,0,0,1.jpg,2025-09-29
47,92538 Nevada Circle,Changi,bbb,47,0,0,0,2.jpg,2025-05-21
48,211 Havey Trail,Sydney Airport,bbb,48,0,0,0,1.jpg,2025-06-16
49,94 Hauk Junction,Frankfurt Airport,ddd,49,0,0,0,1.jpg,2025-09-27
50,1 Petterle Point,Jomo Kenyatta International,eee,50,0,0,0,2.jpg,2024-12-23
51,95581 2nd Circle,Bole International,bbb,51,0,0,0,2.jpg,2025-06-25
52,1 Brickson Park Place,Hartsfield-Jackson Atlanta,ccc,52,0,0,0,1.jpg,2024-12-25
53,23188 Portage Center,Frankfurt Airport,ddd,53,0,0,0,2.jpg,2025-07-08
54,0 Pleasure Place,Hartsfield-Jackson Atlanta,aaa,54,0,0,0,1.jpg,2025-10-06
55,40 Grim Terrace,Stockholm Arlanda,aaa,55,0,0,0,1.jpg,2025-05-23
56,925 Morningstar Trail,Hartsfield-Jackson Atlanta,ddd,56,0,0,0,2.jpg,2025-01-13
57,5 Ridgeview Crossing,Hartsfield-Jackson Atlanta,ccc,57,0,0,0,2.jpg,2025-01-02
58,2 Graceland Trail,Melbourne Airport,ddd,58,0,0,0,2.jpg,2025-11-08
59,19803 Manley Junction,John F. Kennedy International,eee,59,0,0,0,2.jpg,2025-03-23
60,76695 Union Plaza,Haneda,eee,60,0,0,0,2.jpg,2025-10-07
61,9182 Petterle Avenue,Melbourne Airport,ddd,61,0,0,0,1.jpg,2025-12-04
62,05442 Nevada Center,Charles de Gaulle,eee,62,0,0,0,2.jpg,2025-09-16
63,96891 La Follette Terrace,O'Hare International,aaa,63,0,0,0,1.jpg,2025-02-07
64,767 East Alley,Hartsfield-Jackson Atlanta,aaa,64,0,0,0,1.jpg,2025-04-20
65,91 Pleasure Alley,Hartsfield-Jackson Atlanta,aaa,65,0,0,0,2.jpg,2025-09-21
66,49011 Mifflin Road,Melbourne Airport,ccc,66,0,0,0,1.jpg,2025-05-30
67,996 Manley Way,Charles de Gaulle,ccc,67,0,0,0,1.jpg,2025-02-20
68,039 Eastlawn Lane,Charles de Gaulle,ccc,68,0,0,0,2.jpg,2025-02-01
69,901 Rieder Trail,Sydney Airport,bbb,69,0,0,0,1.jpg,2024-12-16
70,215 Harbort Hill,Charles de Gaulle,bbb,70,0,0,0,2.jpg,2025-04-12
71,68630 Dennis Crossing,Leonardo da Vinci International,ccc,71,0,0,0,2.jpg,2025-11-28
72,2569 Ronald Regan Crossing,Melbourne Airport,bbb,72,0,0,0,2.jpg,2025-03-19
73,42 Prairie Rose Alley,Kuala Lumpur International,eee,73,0,0,0,2.jpg,2025-01-15
74,68620 Springview Center,O'Hare International,ccc,74,0,0,0,2.jpg,2025-10-08
75,61516 Oriole Trail,Melbourne Airport,bbb,75,0,0,0,2.jpg,2025-04-03
76,2 7th Trail,Hamad International,aaa,76,0,0,0,2.jpg,2025-04-30
77,3758 Burrows Point,Dubai International,ddd,77,0,0,0,1.jpg,2025-10-02
78,344 Springview Trail,Changi,eee,78,0,0,0,1.jpg,2025-02-15
79,6471 Havey Lane,Brisbane Airport,ccc,79,0,0,0,2.jpg,2025-03-10
80,79801 Carioca Junction,Charles de Gaulle,eee,80,0,0,0,2.jpg,2025-11-20
81,9 Cottonwood Place,Chhatrapati Shivaji International,eee,81,0,0,0,2.jpg,2025-11-20
82,827 Merchant Park,Ministro Pistarini International,ccc,82,0,0,0,1.jpg,2025-06-02
83,2816 Kinsman Place,Frankfurt Airport,eee,83,0,0,0,2.jpg,2025-08-15
84,35826 Novick Alley,Charles de Gaulle,aaa,84,0,0,0,1.jpg,2025-05-14
85,6283 Talisman Avenue,Chhatrapati Shivaji International,aaa,85,0,0,0,1.jpg,2025-06-21
86,800 Prentice Junction,Charles de Gaulle,eee,86,0,0,0,2.jpg,2025-06-30
87,5 Ludington Court,O'Hare International,ccc,87,0,0,0,2.jpg,2025-03-22
88,1 Service Way,Bole International,bbb,88,0,0,0,2.jpg,2025-12-03
89,51482 Donald Park,Leonardo da Vinci International,ccc,89,0,0,0,1.jpg,2025-01-29
90,559 Bowman Hill,Charles de Gaulle,ddd,90,0,0,0,2.jpg,2025-08-31
91,1395 Carey Center,Changi,bbb,91,0,0,0,1.jpg,2024-12-15
92,8 Jana Circle,Ministro Pistarini International,eee,92,0,0,0,1.jpg,2025-08-18
93,0 Hollow Ridge Drive,O'Hare International,bbb,93,0,0,0,2.jpg,2025-08-05
94,7 Scoville Drive,Miami International,bbb,94,0,0,0,2.jpg,2024-12-19
95,59 Gerald Circle,Charles de Gaulle,ccc,95,0,0,0,1.jpg,2025-06-16
96,557 Portage Crossing,Chhatrapati Shivaji International,eee,96,0,0,0,2.jpg,2025-08-30
97,6 Moland Way,Haneda,eee,97,0,0,0,1.jpg,2025-02-04
98,6 Warrior Court,Sydney Airport,eee,98,0,0,0,1.jpg,2025-08-29
99,0 Park Meadow Hill,Toronto Pearson,ccc,99,0,0,0,1.jpg,2025-05-21
100,4 Iowa Hill,Kuala Lumpur International,bbb,100,0,0,0,2.jpg,2025-06-12
