id,pw,name,phone,gender,hobby,mdate
aaa,1111,홍길동,209-131-1636,여자,독서,2025-11-06
bbb,1111,유관순,202-909-0751,여자,독서,2025-08-05
ccc,1111,이순신,699-122-2430,여자,게임,2024-12-18
ddd,1111,강감찬,885-946-6429,남자,독서,2025-07-22
eee,1111,김구,999-633-7858,여자,독서,2025-10-22
Jaquelyn,1111,Shier,783-635-6052,여자,독서,2025-04-06
Debor,1111,Aiskrigg,608-188-2851,남자,독서,2025-09-07
Whitman,1111,Gutsell,112-392-6133,남자,독서,2025-08-31
Dode,1111,Seeley,637-864-2702,남자,독서,2025-09-30
Biddy,1111,Darby,687-322-9330,여자,독서,2025-11-07
Emilie,1111,Frowd,419-881-3371,남자,게임,2025-01-27
Tandy,1111,Rogans,351-319-7237,남자,독서,2025-12-09
Cletis,1111,Sellar,736-925-2958,여자,독서,2025-11-13
Pepe,1111,Dyde,488-658-4564,여자,골프,2025-06-09
Analiese,1111,Kellar,181-609-7572,남자,독서,2025-08-29
Codie,1111,Chantillon,969-908-9831,여자,독서,2025-11-14
Hartwell,1111,Espinas,493-537-4457,여자,골프,2025-06-24
Jesse,1111,Zannotti,997-506-4433,여자,골프,2025-09-15
Berri,1111,Woolmington,807-194-0121,여자,독서,2025-06-28
Rusty,1111,Muldownie,298-950-8120,여자,독서,2025-11-24
Derril,1111,Mitskevich,619-942-5656,여자,독서,2025-03-14
Shandy,1111,Hodgen,342-125-2933,남자,게임,2025-01-23
Isac,1111,Tilby,280-960-3738,남자,게임,2025-09-11
Dalia,1111,Szymonwicz,321-918-7107,남자,게임,2025-06-10
Andie,1111,Konig,261-493-2184,여자,골프,2025-06-03
Zach,1111,Rodders,962-617-9061,남자,게임,2025-01-08
Rosana,1111,Vassano,973-231-3437,남자,골프,2025-08-29
Brenn,1111,De Mattei,677-215-7819,남자,골프,2025-04-08
Mortimer,1111,Laurent,559-643-0352,여자,독서,2025-07-16
Teddy,1111,Rangeley,617-467-9118,남자,독서,2025-01-02
Myrta,1111,Blaza,180-959-2801,여자,게임,2024-12-15
Krystal,1111,Alkin,481-551-0065,남자,독서,2025-04-06
Jody,1111,Maundrell,855-154-7580,남자,골프,2025-03-09
Adoree,1111,Belf,733-999-2200,남자,독서,2025-10-25
Alverta,1111,Gorges,880-774-4069,여자,게임,2024-12-21
Chicky,1111,Millis,554-440-8960,여자,게임,2025-02-04
Aguistin,1111,Cuxon,336-265-1298,남자,골프,2025-11-06
Kingston,1111,Julian,771-957-4921,여자,게임,2025-05-26
Brigid,1111,Climie,628-911-5889,남자,게임,2025-07-03
Ursulina,1111,Bello,262-579-3128,남자,독서,2025-07-03
Darcey,1111,Boxhill,941-197-7238,남자,독서,2025-06-27
Enrique,1111,Rainsdon,471-124-1155,남자,독서,2025-02-25
Kate,1111,Renny,724-350-7819,여자,골프,2025-01-09
Odie,1111,Whaley,418-256-8719,남자,독서,2025-01-02
Teri,1111,Turmell,293-218-7932,남자,독서,2025-06-07
Bradley,1111,Walewicz,450-976-9565,여자,독서,2025-11-08
Kandy,1111,Pothergill,377-738-2162,남자,독서,2025-11-11
Waly,1111,Carlick,223-667-3311,남자,게임,2025-05-24
Kalina,1111,Desaur,509-901-1090,남자,골프,2025-05-30
Gilbertine,1111,Lydster,615-917-5385,남자,골프,2025-05-08
Elvera,1111,McBeth,819-113-3631,여자,독서,2025-06-22
Juli,1111,Sellers,496-447-3025,남자,게임,2025-01-05
Korey,1111,Bizzey,281-539-9976,여자,골프,2025-04-01
Danice,1111,Andrus,933-849-8982,여자,독서,2025-03-09
Almeta,1111,Whitehorne,447-423-0562,여자,게임,2025-06-29
Vernon,1111,Dyers,294-942-2234,남자,독서,2025-08-12
Camel,1111,Danskine,873-590-9853,남자,독서,2025-10-10
Roobbie,1111,Walsham,884-568-0687,여자,게임,2025-09-14
Vonny,1111,Pedro,817-737-4611,여자,독서,2025-01-24
Ikey,1111,Lippi,519-550-4960,남자,골프,2025-11-30
Glad,1111,Losseljong,133-390-8085,여자,독서,2025-06-28
Amerigo,1111,Brownsell,678-532-9158,남자,게임,2025-08-26
Hammad,1111,Boanas,930-627-0709,여자,독서,2025-08-16
Isis,1111,Douce,944-784-0809,여자,게임,2025-09-06
Raddy,1111,Howling,692-125-8866,남자,골프,2025-11-04
Selestina,1111,Dowding,271-539-1194,여자,독서,2025-09-28
Ron,1111,Caberas,354-331-3988,남자,독서,2025-09-20
Urbano,1111,Ambrosini,956-432-0944,남자,독서,2025-06-22
Raoul,1111,Eastbrook,522-416-8255,여자,독서,2024-12-15
Tate,1111,Neville,199-346-3774,여자,게임,2025-01-01
Aveline,1111,Croad,666-194-5209,여자,게임,2025-06-24
Jared,1111,Ettels,961-938-6931,여자,독서,2025-05-15
Tyson,1111,Pilling,860-254-4079,남자,골프,2025-09-28
Mariann,1111,Firk,828-633-5099,남자,독서,2025-11-23
Banky,1111,Rout,209-726-2778,남자,독서,2025-07-14
Marcella,1111,Tran,804-946-2974,남자,골프,2025-09-26
Ruthie,1111,Bandey,483-291-9056,남자,독서,2025-01-27
Cal,1111,Tomenson,435-988-4580,남자,게임,2025-10-17
Isabeau,1111,Menhci,349-594-6021,남자,독서,2025-01-06
Reidar,1111,Lovel,866-197-6272,남자,게임,2025-04-08
Kalli,1111,Poynton,515-913-6344,여자,독서,2025-10-21
Falito,1111,Limmer,763-541-7007,여자,독서,2025-08-21
Leighton,1111,De Freitas,744-287-5100,남자,게임,2025-06-17
Warden,1111,Jamrowicz,460-843-4750,남자,골프,2025-11-19
Gonzales,1111,Olivello,414-433-9355,남자,골프,2025-03-19
Kathlin,1111,Cummings,122-764-2370,남자,독서,2025-03-28
Sheridan,1111,Ziemen,482-686-3520,남자,게임,2025-01-23
Gunter,1111,Tillard,764-513-9412,여자,독서,2025-11-01
Pavia,1111,Atwater,847-184-4577,남자,독서,2025-10-23
Alexine,1111,Blundin,389-636-0046,남자,독서,2025-01-28
Ahmed,1111,Colls,760-211-4801,여자,독서,2025-08-14
Hadley,1111,Cheevers,239-209-9008,여자,게임,2024-12-27
Didi,1111,Shales,123-230-0977,여자,독서,2024-12-27
Mitch,1111,Sangwin,386-937-1268,여자,독서,2025-07-12
Dyna,1111,Larway,312-493-6530,여자,독서,2025-08-24
Marianna,1111,Algar,756-638-4182,여자,독서,2025-02-07
Tamara,1111,Lambeth,352-456-4033,남자,독서,2025-05-16
Gwendolin,1111,Wegner,227-886-9911,남자,독서,2025-10-26
Priscella,1111,Canning,796-810-2323,남자,골프,2025-06-05
Christoforo,1111,Anselmi,236-878-3886,남자,독서,2025-09-08
